City_ID,City,Country,Lat,Lng,Max Temp,Humidity,Cloudiness,Wind Speed,Current Description
0,Busselton,AU,-33.65,115.3333,54.09,70,100,15.28,overcast clouds
1,Punta Arenas,CL,-53.15,-70.9167,37.51,56,40,9.19,scattered clouds
2,Kaeo,NZ,-35.1,173.7833,50.32,96,83,12.73,moderate rain
3,Hoi An,VN,15.8794,108.335,87.76,83,98,4.63,overcast clouds
4,Winnemucca,US,40.973,-117.7357,69.12,20,1,6.24,clear sky
5,Sao Jose Da Coroa Grande,BR,-8.8978,-35.1478,80.85,77,79,11.9,broken clouds
6,Anahuac,MX,27.2333,-100.15,83.7,63,81,17.2,broken clouds
7,Vostok,RU,46.4856,135.8833,43.16,77,97,3.22,overcast clouds
8,Geraldton,AU,-28.7667,114.6,57.61,88,40,16.53,scattered clouds
9,Ust-Ishim,RU,57.6935,71.1665,63.77,66,57,6.2,broken clouds
10,Ushuaia,AR,-54.8,-68.3,31.62,100,90,9.22,light snow
11,Chuy,UY,-33.6971,-53.4616,54.7,48,3,12.5,clear sky
12,Cayenne,GF,4.9333,-52.3333,84.24,85,75,5.01,broken clouds
13,Mataura,NZ,-46.1927,168.8643,49.48,98,100,3.67,moderate rain
14,Clyde River,CA,70.4692,-68.5914,29.97,81,92,1.99,overcast clouds
15,Chokurdakh,RU,70.6333,147.9167,50.81,48,22,9.46,few clouds
16,Nanortalik,GL,60.1432,-45.2371,36.97,88,97,15.86,overcast clouds
17,Martapura,ID,-3.4167,114.85,77.09,94,96,2.21,overcast clouds
18,Dikson,RU,73.5069,80.5464,31.69,92,100,13.13,overcast clouds
19,Yellowknife,CA,62.456,-114.3525,43.29,55,100,11.01,overcast clouds
20,Mirante Do Paranapanema,BR,-22.2919,-51.9064,75.13,33,97,7.4,overcast clouds
21,Honiara,SB,-9.4333,159.95,76.33,89,54,3.62,broken clouds
22,Airai,TL,-8.9266,125.4092,58.87,91,99,1.92,overcast clouds
23,Santa Maria Da Vitoria,BR,-13.3947,-44.1886,92.44,20,77,7.99,broken clouds
24,Puerto Ayora,EC,-0.7393,-90.3518,80.56,84,82,5.99,broken clouds
25,Mayo,US,38.8876,-76.5119,54.43,89,90,10.0,overcast clouds
26,Iqaluit,CA,63.7506,-68.5145,34.7,69,100,13.0,overcast clouds
27,East London,ZA,-33.0153,27.9116,61.63,51,22,5.28,few clouds
28,Corner Brook,CA,48.9667,-57.9484,64.56,42,19,7.31,few clouds
29,Tautira,PF,-17.7333,-149.15,77.02,78,92,16.15,light rain
30,Dordrecht,NL,51.81,4.6736,75.06,46,3,5.99,clear sky
31,Okitipupa,NG,6.5047,4.7839,84.61,75,85,6.33,light rain
32,Bluff,NZ,-46.6,168.3333,49.8,95,100,21.74,light rain
33,Qaanaaq,GL,77.484,-69.3632,32.36,90,100,5.68,overcast clouds
34,Balakhninskiy,RU,58.0106,114.2769,36.97,100,100,3.69,light rain
35,Provideniya,RU,64.3833,-173.3,40.37,58,2,10.92,clear sky
36,Mahibadhoo,MV,3.7833,72.9667,83.84,74,75,20.45,broken clouds
37,Jamestown,US,42.097,-79.2353,61.07,56,40,8.01,scattered clouds
38,Itarema,BR,-2.9248,-39.9167,87.06,55,5,13.42,clear sky
39,Longyearbyen,SJ,78.2186,15.6401,33.64,80,75,2.3,broken clouds
40,Tiksi,RU,71.6872,128.8694,30.87,95,6,7.85,clear sky
41,Guayaramerin,BO,-10.8368,-65.3614,89.65,55,40,2.42,scattered clouds
42,Souillac,MU,-20.5167,57.5167,74.35,78,10,7.11,clear sky
43,Kapaa,US,22.0752,-159.319,69.78,88,1,3.49,clear sky
44,Husavik,IS,66.0449,-17.3389,55.31,48,90,18.59,overcast clouds
45,Ardakan,IR,32.31,54.0175,95.38,6,5,9.73,clear sky
46,Port Hedland,AU,-20.3167,118.5667,68.05,83,75,8.05,broken clouds
47,Saint-Francois,FR,46.4154,3.9054,72.84,33,0,8.05,clear sky
48,Khorixas,NA,-20.3667,14.9667,78.15,16,97,4.32,overcast clouds
49,Albany,US,42.6001,-73.9662,49.35,90,100,4.61,moderate rain
50,Langxiang,CN,46.95,128.8833,46.92,95,97,1.83,overcast clouds
51,Gillette,US,44.2911,-105.5022,60.82,44,1,1.99,clear sky
52,Comodoro Rivadavia,AR,-45.8667,-67.5,44.85,67,100,7.72,overcast clouds
53,Victoria,HK,22.2855,114.1577,87.33,87,98,5.99,overcast clouds
54,Baiyin,CN,36.5583,104.2081,68.88,40,63,22.06,broken clouds
55,Aksay,RU,47.26,39.87,70.25,62,98,11.01,overcast clouds
56,Ternate,ID,0.8,127.4,81.73,80,100,7.38,overcast clouds
57,Sisimiut,GL,66.9395,-53.6735,36.34,81,63,7.7,broken clouds
58,Isangel,VU,-19.55,169.2667,70.3,76,100,5.01,overcast clouds
59,Denpasar,ID,-8.65,115.2167,78.46,94,20,1.88,few clouds
60,Rikitea,PF,-23.1203,-134.9692,74.25,83,100,17.16,moderate rain
61,Tommot,RU,58.9564,126.2925,49.23,76,31,3.38,scattered clouds
62,Benguela,AO,-12.5763,13.4055,82.11,58,2,10.54,clear sky
63,Mar Del Plata,AR,-38.0023,-57.5575,57.09,44,0,1.99,clear sky
64,Brainerd,US,46.358,-94.2008,64.65,72,90,9.22,overcast clouds
65,Arraial Do Cabo,BR,-22.9661,-42.0278,78.66,78,75,11.5,broken clouds
66,Port Alfred,ZA,-33.5906,26.891,58.95,61,16,6.93,few clouds
67,Bredasdorp,ZA,-34.5322,20.0403,54.28,72,100,2.66,overcast clouds
68,Georgetown,MY,5.4112,100.3354,85.89,73,20,3.51,few clouds
69,San Salvador El Seco,MX,19.1333,-97.65,66.7,49,7,0.81,clear sky
70,Folkestone,GB,51.0833,1.1833,62.19,76,2,13.0,clear sky
71,Bonthe,SL,7.5264,-12.505,81.46,80,100,8.19,light rain
72,Itaituba,BR,-4.2761,-55.9836,93.36,59,20,11.5,few clouds
73,Barrow,US,71.2906,-156.7887,30.22,93,90,10.36,overcast clouds
74,Sergeyevka,KZ,53.88,67.4158,72.79,41,2,10.16,clear sky
75,Hermanus,ZA,-34.4187,19.2345,60.91,78,75,2.46,broken clouds
76,Torbay,CA,47.6666,-52.7314,60.89,52,50,3.02,scattered clouds
77,New Norfolk,AU,-42.7826,147.0587,39.7,85,33,2.98,scattered clouds
78,Boyuibe,BO,-20.4167,-63.2833,62.51,42,100,7.72,overcast clouds
79,Carnduff,CA,49.1667,-101.8009,63.37,42,7,14.43,clear sky
80,Belmonte,BR,-15.8631,-38.8828,82.9,63,31,7.74,scattered clouds
81,Chiredzi,ZW,-21.05,31.6667,71.51,23,1,5.73,clear sky
82,Najran,SA,17.4924,44.1277,93.85,12,5,7.2,clear sky
83,Port Shepstone,ZA,-30.7414,30.455,63.43,71,7,16.17,clear sky
84,Sarandi,BR,-23.4436,-51.8739,62.15,100,75,5.75,heavy intensity rain
85,Stornoway,GB,58.2093,-6.3865,64.92,63,20,11.5,few clouds
86,Upernavik,GL,72.7868,-56.1549,31.71,94,100,7.7,overcast clouds
87,Kamina,CD,-8.7386,24.9906,68.41,37,38,4.09,scattered clouds
88,La Ronge,CA,55.1001,-105.2842,52.92,46,3,2.28,clear sky
89,Nishihara,JP,26.1842,127.7558,75.25,94,90,14.16,light rain
90,Pisco,PE,-13.7,-76.2167,65.01,94,90,6.91,overcast clouds
91,Tigil,RU,57.8,158.6667,34.68,84,24,2.26,few clouds
92,Port Macquarie,AU,-31.4333,152.9167,55.36,77,87,11.43,overcast clouds
93,Sabha,LY,27.0377,14.4283,107.87,5,6,8.14,clear sky
94,Moose Factory,CA,51.2585,-80.6094,69.8,19,1,14.97,clear sky
95,Kabinda,CD,-6.1333,24.4833,77.77,36,50,2.62,scattered clouds
96,Kavaratti,IN,10.5669,72.642,83.75,75,99,18.81,overcast clouds
97,Santa Maria,BR,-29.6842,-53.8069,54.7,47,0,4.0,clear sky
98,Gannavaram,IN,16.5333,80.8,91.38,62,20,1.14,few clouds
99,Saskylakh,RU,71.9167,114.0833,36.41,89,100,3.33,overcast clouds
100,Hilo,US,19.7297,-155.09,72.1,85,75,0.0,broken clouds
101,Sao Joao Da Barra,BR,-21.6403,-41.0511,86.09,66,48,5.66,scattered clouds
102,Olafsvik,IS,64.8945,-23.7142,43.23,95,100,9.51,heavy intensity rain
103,Nouakchott,MR,18.0858,-15.9785,80.53,61,27,24.18,scattered clouds
104,Santa Vitoria Do Palmar,BR,-33.5189,-53.3681,54.5,48,1,12.15,clear sky
105,Richards Bay,ZA,-28.783,32.0377,64.6,70,13,10.38,few clouds
106,Celestun,MX,20.8667,-90.4,86.58,56,56,3.27,broken clouds
107,Port Lincoln,AU,-34.7333,135.8667,55.2,45,79,11.07,broken clouds
108,Novoagansk,RU,61.9449,76.6625,58.05,93,100,6.87,overcast clouds
109,Saldanha,ZA,-33.0117,17.9442,58.17,81,5,7.76,clear sky
110,Haines Junction,CA,60.7522,-137.5108,48.15,53,100,6.91,overcast clouds
111,Atuona,PF,-9.8,-139.0333,80.4,59,99,7.34,overcast clouds
112,Fuerte Olimpo,PY,-21.0415,-57.8738,74.32,73,100,6.98,moderate rain
113,Bonnyville,CA,54.2668,-110.735,64.2,58,21,7.78,few clouds
114,Palmer,US,42.1584,-72.3287,49.48,85,90,1.01,moderate rain
115,Anloga,GH,5.7947,0.8973,86.22,74,94,14.5,overcast clouds
116,Butaritari,KI,3.0707,172.7902,82.8,78,89,14.41,light rain
117,Bengkulu,ID,-3.8004,102.2655,76.6,90,100,4.97,moderate rain
118,Maniitsoq,GL,65.4167,-52.9,35.64,87,100,5.7,overcast clouds
119,Ziebice,PL,50.6012,17.0406,60.91,71,93,7.85,overcast clouds
120,Kodiak,US,57.79,-152.4072,45.91,87,90,6.91,overcast clouds
121,Saint George,US,37.1041,-113.5841,86.47,15,1,1.01,clear sky
122,Ormara,PK,25.2088,64.6357,84.76,82,0,18.57,clear sky
123,Magadan,RU,59.5667,150.8,35.46,99,100,4.32,light rain
124,Cape Town,ZA,-33.9258,18.4232,62.1,45,33,4.29,scattered clouds
125,Havre-Saint-Pierre,CA,50.2334,-63.5986,57.56,47,1,10.36,clear sky
126,Haimen,CN,23.1935,116.6142,82.29,93,100,14.58,light rain
127,Grand Gaube,MU,-20.0064,57.6608,75.6,80,1,1.99,clear sky
128,Leshukonskoye,RU,64.8989,45.7622,44.24,50,97,6.08,overcast clouds
129,Teguise,ES,29.0605,-13.564,71.82,60,20,21.09,few clouds
130,Cherskiy,RU,68.75,161.3,50.94,48,15,6.38,few clouds
131,Asau,RO,46.4333,26.4,61.95,69,57,3.58,broken clouds
132,Port Elizabeth,ZA,-33.918,25.5701,59.09,65,56,9.62,broken clouds
133,Castro,BR,-24.7911,-50.0119,57.18,97,100,2.3,overcast clouds
134,Ilulissat,GL,69.2167,-51.1,51.82,32,62,10.36,broken clouds
135,Mandalgovi,MN,45.7625,106.2708,41.4,62,75,21.63,broken clouds
136,Krasnaya Gora,RU,52.9995,31.6023,58.91,67,93,10.47,overcast clouds
137,Vaini,TO,-21.2,-175.2,75.36,100,90,5.75,moderate rain
138,Aklavik,CA,68.2191,-135.0107,38.23,60,20,13.8,few clouds
139,Tasiilaq,GL,65.6145,-37.6368,39.36,83,98,18.23,overcast clouds
140,Cerkezkoy,TR,41.285,28.0003,68.18,60,75,11.97,broken clouds
141,Tshikapa,CD,-6.4167,20.8,84.36,35,51,2.28,broken clouds
142,Port Blair,IN,11.6667,92.75,82.33,78,100,2.04,overcast clouds
143,Kutum,SD,14.2,24.6667,94.78,12,18,11.56,few clouds
144,Camabatela,AO,-8.1881,15.375,76.77,40,52,4.23,broken clouds
145,Tartus,SY,34.889,35.8866,75.49,65,0,3.4,clear sky
146,Sistranda,NO,63.7256,8.834,49.96,78,88,5.91,overcast clouds
147,Faanui,PF,-16.4833,-151.75,79.92,77,91,14.7,light rain
148,Pangkalanbuun,ID,-2.6833,111.6167,75.94,94,67,1.77,broken clouds
149,Mahon,ES,39.8885,4.2658,77.56,41,0,5.75,clear sky
150,Guerrero Negro,MX,27.9769,-114.0611,63.82,66,30,15.19,scattered clouds
151,Sao Luiz Gonzaga,BR,-28.4083,-54.9608,59.85,38,0,8.34,clear sky
152,Xinyang,CN,32.1228,114.0656,72.88,82,86,4.72,light rain
153,Saint-Joseph,RE,-21.3667,55.6167,70.21,83,18,7.78,few clouds
154,Klaksvik,FO,62.2266,-6.589,56.32,95,84,21.32,broken clouds
155,Broome,US,42.2506,-75.833,53.62,72,90,1.99,overcast clouds
156,Bambanglipuro,ID,-7.95,110.2833,63.61,86,38,3.91,scattered clouds
157,Ponta Do Sol,PT,32.6667,-17.1,71.71,76,32,5.01,scattered clouds
158,Petropavlovsk-Kamchatskiy,RU,53.0452,158.6483,37.99,87,90,3.69,overcast clouds
159,Lenine,UA,45.2986,35.7771,70.88,58,20,4.54,few clouds
160,Wajir,KE,1.7471,40.0573,88.38,36,89,8.08,overcast clouds
161,Hamilton,US,39.1834,-84.5333,60.58,70,90,1.01,overcast clouds
162,Oktyabrskoye,RU,43.0645,44.7417,66.34,68,75,2.57,broken clouds
163,Beringovskiy,RU,63.05,179.3167,30.15,78,11,8.86,few clouds
164,Severo-Kurilsk,RU,50.6789,156.125,38.97,97,100,14.27,light rain
165,Batemans Bay,AU,-35.7167,150.1833,42.91,86,0,4.32,clear sky
166,Bethel,US,41.3712,-73.414,50.31,90,90,1.99,overcast clouds
167,Hobart,AU,-42.8794,147.3294,40.05,91,23,1.01,few clouds
168,Kandi,BJ,11.1342,2.9386,93.78,34,85,4.03,overcast clouds
169,Talladega,US,33.4359,-86.1058,67.96,63,20,6.6,few clouds
170,Kruisfontein,ZA,-34.0033,24.7314,56.88,68,100,9.19,overcast clouds
171,Talnakh,RU,69.4865,88.3972,36.34,85,100,18.97,light rain
172,Nacala,MZ,-14.5428,40.6728,74.1,72,2,6.29,clear sky
173,Vanavara,RU,60.34,102.2797,38.53,86,100,2.53,overcast clouds
174,Nikolskoye,RU,59.7035,30.7861,56.39,40,8,6.8,clear sky
175,Natal,BR,-5.795,-35.2094,88.45,55,40,11.23,scattered clouds
176,Bathsheba,BB,13.2167,-59.5167,88.41,55,75,20.74,broken clouds
177,Verkhoyansk,RU,67.5447,133.385,47.19,66,57,7.67,broken clouds
178,Burnie,AU,-41.0667,145.9167,41.92,88,3,3.67,clear sky
179,Rabo De Peixe,PT,37.8,-25.5833,67.51,60,20,10.18,few clouds
180,Vao,NC,-22.6667,167.4833,70.23,54,95,18.66,overcast clouds
181,Sorland,NO,67.667,12.6934,46.47,91,100,18.21,light rain
182,Hithadhoo,MV,-0.6,73.0833,83.14,73,49,16.82,scattered clouds
183,Linkou,CN,45.3,130.2833,52.32,89,100,1.05,overcast clouds
184,Champerico,GT,14.3,-91.9167,91.76,63,79,1.72,broken clouds
185,San Jeronimo,PE,-11.9472,-75.2829,59.22,50,53,2.46,broken clouds
186,Umm Lajj,SA,25.0213,37.2685,86.07,58,11,12.3,few clouds
187,Namibe,AO,-15.1961,12.1522,75.22,66,15,15.37,few clouds
188,Yeppoon,AU,-23.1333,150.7333,58.78,84,2,10.92,clear sky
189,Ingham,US,42.6,-84.3833,66.18,37,1,3.44,clear sky
190,Bambous Virieux,MU,-20.3428,57.7575,74.21,74,1,6.2,clear sky
191,Ribeira Grande,PT,38.5167,-28.7,68.4,68,20,4.61,few clouds
192,Ngorongoro,TZ,-3.2397,35.4875,54.37,84,85,4.36,overcast clouds
193,Kahului,US,20.8947,-156.47,72.84,78,1,6.91,clear sky
194,Portland,US,45.5234,-122.6762,67.86,61,40,3.0,scattered clouds
195,Tawang,IN,27.5833,91.8667,54.5,95,79,1.21,broken clouds
196,Aktanysh,RU,55.7216,54.0829,54.9,83,33,16.67,scattered clouds
197,Lagoa,PT,39.05,-27.9833,63.5,74,28,9.64,scattered clouds
198,Quthing,LS,-30.4,27.7003,46.47,38,0,2.28,clear sky
199,Bhanvad,IN,21.9264,69.7736,83.82,75,100,14.09,overcast clouds
200,Turbat,PK,26.0023,63.044,96.73,22,0,12.91,clear sky
201,Gorin,RU,51.1983,136.6669,46.04,84,100,2.44,overcast clouds
202,Merauke,ID,-8.4667,140.3333,75.52,86,76,12.48,broken clouds
203,Cap Malheureux,MU,-19.9842,57.6142,75.69,80,1,1.99,clear sky
204,Pantai Remis,MY,4.4557,100.6288,78.82,85,97,4.36,overcast clouds
205,Copiapo,CL,-27.3667,-70.3333,55.09,23,0,4.5,clear sky
206,Tsevie,TG,6.4261,1.2133,85.08,56,99,11.99,light rain
207,Caravelas,BR,-17.7125,-39.2481,83.44,61,10,9.37,clear sky
208,Petropavlivka,UA,48.4564,36.4367,65.75,71,39,10.83,scattered clouds
209,Saint-Philippe,RE,-21.3585,55.7679,71.22,85,36,9.15,scattered clouds
210,Padang,ID,-0.9492,100.3543,77.13,89,74,3.91,moderate rain
211,Cabo San Lucas,MX,22.8909,-109.9124,90.7,47,1,3.44,clear sky
212,Laguna,US,38.421,-121.4238,76.82,67,1,1.01,clear sky
213,Yasenskaya,RU,46.3592,38.269,67.44,81,17,15.68,few clouds
214,Luderitz,NA,-26.6481,15.1594,64.87,59,83,17.18,broken clouds
215,Peniche,PT,39.3558,-9.3811,81.88,79,85,10.56,overcast clouds
216,Puerto Escondido,MX,15.85,-97.0667,88.63,70,1,4.61,clear sky
217,Kapiri Mposhi,ZM,-13.9652,28.6809,64.87,34,0,6.35,clear sky
218,Nurota,UZ,40.5614,65.6886,91.49,16,0,3.98,clear sky
219,Sao Felix Do Xingu,BR,-6.6447,-51.995,91.2,38,1,6.64,clear sky
220,Aleksandrov,RU,56.4,38.71,50.86,55,65,10.51,broken clouds
221,Narsaq,GL,60.9167,-46.05,46.62,71,70,4.59,broken clouds
222,Sechelt,CA,49.4664,-123.7694,63.07,69,100,2.82,overcast clouds
223,Perdoes,BR,-21.0908,-45.0914,82.63,41,97,4.9,overcast clouds
224,Ibra,OM,22.6906,58.5334,94.51,17,2,10.87,clear sky
225,Belaya Gora,RU,68.5333,146.4167,51.75,53,2,9.44,clear sky
226,Pregradnaya,RU,43.9508,41.1994,60.26,79,61,2.24,broken clouds
227,Tiquisate,GT,14.2833,-91.3667,91.02,64,95,2.17,overcast clouds
228,Capao Da Canoa,BR,-29.7456,-50.0097,60.04,49,2,10.56,clear sky
229,Buraydah,SA,26.326,43.975,100.74,8,1,5.5,clear sky
230,Alyangula,AU,-13.8483,136.4192,69.67,94,88,9.24,overcast clouds
231,Grindavik,IS,63.8424,-22.4338,47.55,93,75,15.32,broken clouds
232,Santa Isabel Do Rio Negro,BR,-0.4139,-65.0192,83.77,78,61,3.98,broken clouds
233,San Cristobal,VE,7.7669,-72.225,77.18,48,49,6.6,scattered clouds
234,Susanville,US,40.4163,-120.653,72.09,30,1,1.01,clear sky
235,Vuktyl,RU,63.8567,57.3094,44.11,48,86,10.49,overcast clouds
236,Arkadelphia,US,34.1209,-93.0538,62.89,52,7,7.14,clear sky
237,Dosso,NE,13.049,3.1937,106.11,15,48,10.31,scattered clouds
238,Chicama,PE,-7.8447,-79.1469,66.74,67,75,7.94,broken clouds
239,Fernandopolis,BR,-20.2839,-50.2464,88.09,31,100,7.85,overcast clouds
240,Phon Thong,TH,16.3016,103.9768,84.87,67,81,7.09,broken clouds
241,Port Hardy,CA,50.6996,-127.4199,51.98,93,90,12.66,light rain
242,Carnarvon,AU,-24.8667,113.6333,60.87,88,0,9.22,clear sky
243,Victor Harbor,AU,-35.5667,138.6167,53.91,48,92,6.85,overcast clouds
244,Wiarton,CA,44.7407,-81.1332,64.4,51,20,4.61,few clouds
245,Beloha,MG,-25.1667,45.05,67.55,73,9,4.81,clear sky
246,Yaan,NG,7.3833,8.5667,96.96,37,38,3.27,scattered clouds
247,Lazaro Cardenas,MX,17.9583,-102.2,86.99,54,68,3.24,broken clouds
248,Jambi,ID,-1.6,103.6167,78.01,91,99,2.53,overcast clouds
249,Imbituba,BR,-28.24,-48.6703,62.49,63,100,7.85,overcast clouds
250,Harper,LR,4.375,-7.7169,82.51,80,93,9.08,light rain
251,Tank,PK,32.2217,70.3793,102.36,16,8,3.91,clear sky
252,Bam,IR,29.106,58.357,92.82,8,0,9.4,clear sky
253,Fort Walton Beach,US,30.4058,-86.6188,79.0,53,1,4.0,clear sky
254,Sorong,ID,-0.8833,131.25,79.61,88,100,12.86,light rain
255,Akyab,MM,20.15,92.9,83.19,82,89,4.56,overcast clouds
256,Fortuna,US,40.5982,-124.1573,57.65,87,97,5.32,overcast clouds
257,Maiduguri,NG,11.8464,13.1603,106.16,6,0,14.36,clear sky
258,Cao Bang,VN,22.6667,106.25,78.21,96,100,1.83,light rain
259,Jalu,LY,29.0331,21.5482,101.35,13,2,10.33,clear sky
260,Svetlaya,RU,46.5389,138.3297,41.31,91,95,2.89,overcast clouds
261,Chapayevka,UA,47.4711,36.3451,69.75,59,57,8.41,broken clouds
262,Sabang,ID,5.8933,95.3214,84.11,70,37,18.57,scattered clouds
263,Netrakona,BD,24.8833,90.7167,82.74,75,31,5.55,scattered clouds
264,Ust-Maya,RU,60.4167,134.5333,53.56,56,93,9.17,overcast clouds
265,Gualeguay,AR,-33.1416,-59.3097,58.78,40,3,5.37,clear sky
266,Santa Cruz,BO,-17.8,-63.1667,75.25,50,75,13.8,broken clouds
267,Alice Springs,AU,-23.7,133.8833,40.55,56,60,5.84,broken clouds
268,Cradock,ZA,-32.1642,25.6192,51.64,55,2,3.62,clear sky
269,Wanning,CN,18.8003,110.3967,82.49,86,73,11.14,broken clouds
270,Mount Isa,AU,-20.7333,139.5,51.57,37,4,0.0,clear sky
271,Norman Wells,CA,65.282,-126.8329,37.44,93,90,9.22,overcast clouds
272,Avarua,CK,-21.2078,-159.775,69.85,78,75,3.44,broken clouds
273,Zhigansk,RU,66.7697,123.3711,49.12,52,1,10.51,clear sky
274,Hay River,CA,60.8156,-115.7999,44.58,70,75,8.05,broken clouds
275,Wangaratta,AU,-36.3667,146.3333,45.63,100,75,2.3,broken clouds
276,North Bend,US,43.4065,-124.2243,60.17,79,75,3.44,broken clouds
277,Porto Novo,BJ,6.4965,2.6036,84.02,63,64,11.39,broken clouds
278,Abu Zabad,SD,12.35,29.25,93.65,29,69,10.4,broken clouds
279,Tikrit,IQ,34.6071,43.6782,94.89,13,39,9.55,scattered clouds
280,Kayerkan,RU,69.3497,87.7602,37.2,81,100,28.68,light rain
281,Todos Santos,MX,23.45,-110.2167,90.19,53,54,7.11,broken clouds
282,Nysa,PL,50.4738,17.3344,59.68,77,96,7.76,overcast clouds
283,Sanandaj,IR,35.3144,46.9923,71.55,19,0,6.49,clear sky
284,Makhu,IN,31.1033,74.9978,95.86,26,0,14.67,clear sky
285,Kyzyl-Suu,KG,42.3414,78.0056,59.34,54,95,2.37,overcast clouds
286,Morant Bay,JM,17.8815,-76.4093,85.62,72,22,9.62,few clouds
287,Jacareacanga,BR,-6.2222,-57.7528,92.95,39,4,4.72,clear sky
288,Bulgan,MN,48.8125,103.5347,38.05,91,93,4.34,overcast clouds
289,Avera,US,33.194,-82.5271,76.71,52,49,7.96,scattered clouds
290,Chaihe,CN,44.7667,129.7,54.75,76,100,3.27,overcast clouds
291,Nouadhibou,MR,20.931,-17.0347,65.77,89,90,26.17,overcast clouds
292,Vila,PT,42.0304,-8.1588,76.75,50,49,4.27,scattered clouds
293,Teguldet,RU,57.3064,88.1667,44.44,57,96,4.83,overcast clouds
294,Coruripe,BR,-10.1256,-36.1756,81.48,71,96,11.48,overcast clouds
295,Ejura,GH,7.3856,-1.3562,89.47,52,92,7.81,overcast clouds
296,Banda Aceh,ID,5.5577,95.3222,81.7,71,81,12.33,broken clouds
297,Kharp,RU,66.8014,65.8081,36.45,72,85,17.43,overcast clouds
298,Komsomolskiy,UZ,40.4272,71.7189,84.92,21,25,16.11,scattered clouds
299,Sept-Iles,CA,50.2001,-66.3821,57.25,59,1,5.01,clear sky
300,Pedernales,DO,18.0384,-71.744,84.43,62,4,6.04,clear sky
301,Qasigiannguit,GL,68.8193,-51.1922,52.05,56,43,4.25,scattered clouds
302,Tarata,BO,-17.6167,-66.0167,69.22,46,90,2.33,overcast clouds
303,Eskil,TR,38.4017,33.4131,76.78,26,1,7.11,clear sky
304,Chalmette,US,29.9427,-89.9634,77.05,60,1,1.99,clear sky
305,Abu Samrah,SY,35.3029,37.1841,82.9,22,0,13.15,clear sky
306,Smithers,CA,54.7804,-127.1743,51.13,70,100,1.21,overcast clouds
307,Valparaiso,CL,-33.0393,-71.6273,75.43,35,0,13.8,clear sky
308,Touros,BR,-5.1989,-35.4608,88.7,66,45,13.44,scattered clouds
309,Hambantota,LK,6.1241,81.1185,81.01,79,98,20.27,overcast clouds
310,Lavrentiya,RU,65.5833,-171.0,31.46,82,6,10.76,clear sky
311,Mineros,BO,-17.1167,-63.2333,74.79,45,99,8.05,overcast clouds
312,Rawson,AR,-43.3002,-65.1023,43.09,65,75,13.65,broken clouds
313,Sangar,RU,63.9242,127.4739,40.03,93,16,3.71,few clouds
314,Kidal,ML,18.4411,1.4078,108.01,4,89,14.18,overcast clouds
315,San Pedro,PH,14.35,121.0167,84.34,87,20,2.82,few clouds
316,Nuuk,GL,64.1835,-51.7216,36.21,80,90,9.22,overcast clouds
317,Tuktoyaktuk,CA,69.4541,-133.0374,33.98,76,8,6.29,clear sky
318,Mogadishu,SO,2.0371,45.3438,78.75,81,100,13.78,overcast clouds
319,Buchanan,LR,5.8808,-10.0467,78.76,72,76,7.05,light rain
320,San Quintin,MX,30.4833,-115.95,61.03,71,99,9.73,overcast clouds
321,Abha,SA,18.2164,42.5053,75.45,53,20,4.27,few clouds
322,Batagay-Alyta,RU,67.8006,130.4114,40.69,84,92,7.4,overcast clouds
323,Yuksekova,TR,37.5736,44.2872,70.43,30,20,14.97,few clouds
324,Hualmay,PE,-11.0964,-77.6139,69.46,74,52,9.66,broken clouds
325,Bardiyah,LY,31.7561,25.0865,74.53,69,1,19.19,clear sky
326,Yulara,AU,-25.2406,130.9889,55.24,44,100,8.05,overcast clouds
327,Hirara,JP,24.8,125.2833,79.38,84,100,14.58,light rain
328,Giyani,ZA,-23.3025,30.7187,70.65,39,0,7.43,clear sky
329,Latung,PH,5.5,120.8833,84.02,74,51,6.35,broken clouds
330,Kapoeta,SS,4.7717,33.5903,88.3,33,5,16.53,clear sky
331,Ziniare,BF,12.5822,-1.2983,98.64,18,46,5.26,scattered clouds
332,Pelym,RU,61.0108,61.9978,41.83,86,100,7.65,overcast clouds
333,Constitucion,CL,-35.3333,-72.4167,58.41,51,72,6.13,broken clouds
334,Hasaki,JP,35.7333,140.8333,63.0,79,25,11.59,scattered clouds
335,Lasa,IT,46.6166,10.7002,71.51,64,34,5.82,scattered clouds
336,Oum Hadjer,TD,13.2954,19.6966,107.62,7,1,8.52,clear sky
337,San-Pedro,CI,4.7485,-6.6363,84.09,70,42,8.63,scattered clouds
338,Kermanshah,IR,34.3142,47.065,83.3,10,0,11.5,clear sky
339,Yar-Sale,RU,66.8333,70.8333,44.53,49,61,19.1,broken clouds
340,Vestmanna,FO,62.1564,-7.1664,54.52,54,56,15.68,broken clouds
341,Antofagasta,CL,-23.65,-70.4,70.21,59,41,6.55,scattered clouds
342,Khatanga,RU,71.9667,102.5,35.35,99,100,4.12,overcast clouds
343,Esperance,AU,-33.8667,121.9,59.86,75,90,30.71,light rain
344,Pringsewu,ID,-5.3582,104.9744,74.34,96,42,2.37,scattered clouds
345,Trairi,BR,-3.2778,-39.2689,85.66,56,1,11.14,clear sky
346,Sydney,AU,-33.8679,151.2073,54.72,74,75,1.01,broken clouds
347,Lebu,CL,-37.6167,-73.65,55.8,68,100,5.57,overcast clouds
348,Fukue,JP,32.6881,128.8419,68.05,70,0,5.3,clear sky
349,Takoradi,GH,4.8845,-1.7554,84.06,72,92,10.92,overcast clouds
350,Coquimbo,CL,-29.9533,-71.3436,56.93,88,40,3.83,scattered clouds
351,Batagay,RU,67.6333,134.6333,45.82,72,57,5.39,broken clouds
352,Quatre Cocos,MU,-20.2078,57.7625,75.31,76,2,6.26,clear sky
353,Lahaina,US,20.8783,-156.6825,75.81,83,76,2.86,broken clouds
354,Codrington,AU,-38.2667,141.9667,41.09,74,2,7.87,clear sky
355,Luganville,VU,-15.5333,167.1667,72.14,91,100,5.64,overcast clouds
356,Juneau,US,58.3019,-134.4197,50.0,93,90,3.0,light rain
357,Sihora,IN,23.4833,80.1167,95.49,28,54,4.18,broken clouds
358,Srednekolymsk,RU,67.45,153.6833,51.55,44,9,6.98,clear sky
359,Port Moresby,PG,-9.4431,147.1797,76.42,88,75,9.22,broken clouds
360,Kovdor,RU,67.5662,30.4758,56.12,39,93,5.66,overcast clouds
361,Amudat,UG,1.95,34.95,77.02,46,62,9.53,broken clouds
362,Dali,CN,25.7,100.1833,64.67,83,22,5.06,few clouds
363,Andenes,NO,69.3143,16.1194,47.07,93,90,18.41,light rain
364,Cidreira,BR,-30.1811,-50.2056,56.98,46,0,11.43,clear sky
365,Liberty,US,31.8335,-81.5004,79.05,42,75,1.01,broken clouds
366,Shimoda,JP,34.6667,138.95,68.16,80,79,11.56,broken clouds
367,Katsuura,JP,35.1333,140.3,66.31,91,43,12.3,scattered clouds
368,Rio Gallegos,AR,-51.6226,-69.2181,35.65,75,75,10.36,broken clouds
369,Wenling,CN,28.3669,121.36,69.91,91,91,1.54,overcast clouds
370,Bowen,AU,-20.0167,148.2333,62.82,88,71,11.32,broken clouds
371,Meulaboh,ID,4.1363,96.1285,76.3,87,100,3.53,overcast clouds
372,Tupik,RU,54.4253,119.9327,47.3,98,100,2.66,light rain
373,Paredon,MX,16.0333,-93.8667,85.46,65,36,5.44,scattered clouds
374,Coihaique,CL,-45.5752,-72.0662,47.01,93,90,9.22,moderate rain
375,Srandakan,ID,-7.9386,110.2506,63.73,86,39,3.67,scattered clouds
376,Kavieng,PG,-2.5744,150.7967,81.16,80,96,9.48,moderate rain
377,Cumana,VE,10.4635,-64.1775,86.09,68,65,10.13,broken clouds
378,Sibolga,ID,1.7427,98.7792,76.91,89,58,2.71,broken clouds
379,Shaoyang,CN,27.2315,111.4525,66.74,86,83,1.68,broken clouds
380,Pak Thong Chai,TH,14.7226,102.0251,79.45,79,0,9.22,clear sky
381,Terney,RU,45.0503,136.6092,42.93,94,100,1.99,overcast clouds
382,Half Moon Bay,US,37.4636,-122.4286,67.77,73,40,2.51,scattered clouds
383,Fereydun Kenar,IR,36.6864,52.5225,80.91,69,0,8.9,clear sky
384,Mayahi,NE,13.9553,7.6712,107.31,5,0,15.19,clear sky
385,Ler,SS,8.3018,30.1418,94.32,28,34,6.49,scattered clouds
386,Conceicao Do Araguaia,BR,-8.2578,-49.2647,95.13,31,0,6.13,clear sky
387,Innisfail,AU,-17.5333,146.0333,66.78,91,77,5.23,broken clouds
388,Milkovo,RU,54.7167,158.6167,44.22,89,100,4.88,overcast clouds
389,Carutapera,BR,-1.195,-46.02,86.95,63,19,9.86,few clouds
390,Dunedin,NZ,-45.8742,170.5036,50.81,98,100,10.65,light rain
391,Yueyang,CN,29.3333,113.0919,71.91,91,100,5.17,light rain
392,Pocone,BR,-16.2567,-56.6228,96.22,21,96,5.17,overcast clouds
393,Tuatapere,NZ,-46.1333,167.6833,49.82,96,100,8.12,overcast clouds
394,San Julian,MX,21.0167,-102.1667,75.0,39,21,4.9,few clouds
395,Omura,JP,32.9214,129.9539,68.85,77,0,10.0,clear sky
396,Cabedelo,BR,-6.9811,-34.8339,83.07,75,78,13.42,broken clouds
397,Vila Velha,BR,-20.3297,-40.2925,87.75,64,0,7.0,moderate rain
398,Taksimo,RU,56.3444,114.8794,35.74,90,99,2.1,overcast clouds
399,Bac Lieu,VN,9.285,105.7244,83.98,78,69,7.83,broken clouds
400,Paamiut,GL,61.994,-49.6678,35.47,92,78,20.92,broken clouds
401,Gizo,SB,-8.103,156.8419,80.89,79,83,6.44,light rain
402,Kudymkar,RU,59.0173,54.656,42.31,89,98,6.78,overcast clouds
403,Atar,MR,20.5169,-13.0499,110.35,9,3,3.96,clear sky
404,Kuleshovka,RU,47.078,39.5579,70.93,84,99,10.85,overcast clouds
405,Leh,IN,34.1667,77.5833,52.34,51,43,4.32,scattered clouds
406,Blackfoot,US,43.1905,-112.345,62.11,36,1,6.26,clear sky
407,Tiarei,PF,-17.5333,-149.3333,77.02,78,88,13.89,light rain
408,Westport,US,41.1415,-73.3579,51.89,93,90,5.99,overcast clouds
409,Krasnoarmeysk,RU,51.0239,45.6969,65.35,70,99,11.59,overcast clouds
410,Taungdwingyi,MM,20.0167,95.55,82.8,70,96,11.9,overcast clouds
411,Iquique,CL,-20.2208,-70.1431,66.24,67,100,7.36,overcast clouds
412,Namtsy,RU,62.7161,129.6658,50.11,92,5,5.68,clear sky
413,Mombasa,KE,-4.0547,39.6636,76.78,81,31,9.91,scattered clouds
414,Dambulla,LK,7.86,80.6517,77.81,80,77,11.23,broken clouds
415,Villazon,BO,-22.0866,-65.5942,49.05,16,46,3.65,scattered clouds
416,Levelland,US,33.5873,-102.378,70.65,74,100,17.56,overcast clouds
417,San,ML,13.3034,-4.8956,107.01,14,32,5.23,scattered clouds
418,Sitka,US,57.0531,-135.33,51.69,71,90,5.75,overcast clouds
419,Oranjemund,NA,-28.55,16.4333,58.19,76,0,10.71,clear sky
420,Khani,GE,41.9563,42.9566,62.17,95,58,2.26,broken clouds
421,Semnan,IR,35.5729,53.3971,90.54,12,0,4.65,clear sky
422,Pandan,PH,14.0453,124.1694,80.58,84,100,4.59,overcast clouds
423,Chilia Veche,RO,45.4167,29.2833,68.52,62,100,2.33,overcast clouds
424,Biltine,TD,14.5333,20.9167,104.7,8,1,9.91,clear sky
425,Qeshm,IR,26.9581,56.2719,93.07,54,0,11.54,clear sky
426,Hami,CN,42.8,93.45,79.09,8,1,8.21,clear sky
427,Maldonado,UY,-34.6667,-54.9167,54.79,51,8,15.48,clear sky
428,Tazovskiy,RU,67.4667,78.7,36.34,95,100,13.8,overcast clouds
429,Bhadasar,IN,28.2833,74.3167,98.73,21,85,8.21,overcast clouds
430,San Buenaventura,MX,27.0833,-101.5333,81.12,64,83,8.34,broken clouds
431,Muli,MV,2.9167,73.5667,83.91,74,77,19.73,broken clouds
432,Korla,CN,41.7597,86.1469,79.92,20,34,6.17,scattered clouds
433,Port Said,EG,31.2565,32.2841,82.38,61,0,14.97,clear sky
434,Trincomalee,LK,8.5711,81.2335,83.3,75,42,17.13,scattered clouds
435,Sala Consilina,IT,40.3912,15.5989,59.43,87,95,3.42,overcast clouds
436,Erenhot,CN,43.6475,111.9767,68.95,23,96,20.87,overcast clouds
437,San Francisco De Becerra,HN,14.6333,-86.1,94.8,38,96,5.3,overcast clouds
438,Dongying,CN,37.4564,118.4856,64.92,64,21,7.34,light rain
439,Madang,PG,-5.2246,145.7966,77.67,89,100,3.56,overcast clouds
440,Tura,IN,25.5198,90.2201,74.25,90,8,4.45,clear sky
441,Lompoc,US,34.6391,-120.4579,68.09,82,90,8.05,overcast clouds
442,Port Keats,AU,-14.25,129.55,71.15,69,48,6.58,scattered clouds
443,Villa Maria,AR,-32.4075,-63.2402,62.82,40,14,10.47,few clouds
444,Pitsunda,GE,43.1592,40.3378,64.58,86,58,5.82,broken clouds
445,Berlevag,NO,70.8578,29.0864,42.8,84,98,26.53,overcast clouds
446,Lorengau,PG,-2.0226,147.2712,81.34,83,100,9.64,overcast clouds
447,Vestmannaeyjar,IS,63.4427,-20.2734,47.39,100,90,17.27,overcast clouds
448,Ankazobe,MG,-18.3167,47.1167,68.41,65,100,4.07,overcast clouds
449,Ahuimanu,US,21.4447,-157.8378,73.11,77,40,0.83,scattered clouds
450,Puerto Madryn,AR,-42.7692,-65.0385,43.09,51,100,12.59,overcast clouds
451,Huarmey,PE,-10.0681,-78.1522,70.32,76,72,8.66,broken clouds
452,Northam,GB,51.0333,-4.2167,66.34,67,81,8.43,broken clouds
453,Jumla,NP,29.2747,82.1838,56.26,95,22,1.25,few clouds
454,Knysna,ZA,-34.0363,23.0471,55.78,85,98,5.28,overcast clouds
455,Prince Rupert,CA,54.3161,-130.3201,50.09,93,90,2.3,light rain
456,Qena,EG,26.1615,32.7183,104.11,4,100,6.26,overcast clouds
457,Fuyang,CN,32.9,115.8167,76.15,70,77,4.34,light rain
458,Felanitx,ES,39.4696,3.1483,81.45,44,96,9.8,overcast clouds
459,Waddan,LY,29.1614,16.139,100.87,12,59,11.61,broken clouds
460,Golden,US,39.7555,-105.2211,62.1,92,90,4.0,overcast clouds
461,Mabayo,PH,14.7318,120.2781,82.45,78,75,3.44,broken clouds
462,Bereda,ES,43.2686,-7.5406,74.41,62,81,7.27,broken clouds
463,Chino Valley,US,34.7575,-112.4538,79.75,15,1,1.99,clear sky
464,Kaitangata,NZ,-46.2817,169.8464,49.48,94,100,9.37,light rain
465,Saint-Pierre,RE,-21.3393,55.4781,71.29,71,0,4.61,clear sky
466,Tabuk,PH,17.4189,121.4443,78.3,87,82,3.29,broken clouds
467,Seoul,KR,37.5683,126.9778,62.17,94,90,2.21,light rain
468,Thompson,CA,55.7435,-97.8558,41.16,75,90,6.91,overcast clouds
469,Pangnirtung,CA,66.1451,-65.7125,30.2,86,90,12.66,overcast clouds
470,Puerto Del Rosario,ES,28.5004,-13.8627,74.88,68,20,17.27,few clouds
471,Indian Head,US,38.6001,-77.1622,54.9,78,90,1.99,overcast clouds
472,Port-Gentil,GA,-0.7193,8.7815,79.2,83,57,17.16,broken clouds
473,Presidencia Roque Saenz Pena,AR,-26.7852,-60.4388,67.91,31,9,8.43,clear sky
474,Lima,PE,-12.0432,-77.0282,63.14,82,90,4.61,overcast clouds
475,Tessalit,ML,20.1986,1.0114,108.72,5,91,19.01,overcast clouds
476,Ayagoz,KZ,47.9714,80.4392,59.63,36,1,10.71,clear sky
477,Nieuwpoort,BE,51.1244,2.7735,73.54,77,0,13.8,clear sky
478,Marsh Harbour,BS,26.5412,-77.0636,79.63,73,3,13.56,clear sky
479,Burdur,TR,37.7203,30.2908,68.52,55,75,2.57,broken clouds
480,Namatanai,PG,-3.6667,152.4333,79.11,82,92,6.24,light rain
481,Alta Floresta,BR,-9.8756,-56.0861,86.27,46,54,5.26,broken clouds
482,Ous,RU,60.9058,61.5186,41.43,85,100,7.29,overcast clouds
483,Slobozia,MD,46.7281,29.7078,65.28,59,92,6.78,overcast clouds
484,Maridi,SS,4.9158,29.4742,70.79,92,33,10.36,moderate rain
485,Grand-Santi,GF,4.25,-54.3833,85.91,69,79,2.89,broken clouds
486,Sao Raimundo Nonato,BR,-9.0153,-42.6994,93.18,25,37,9.19,scattered clouds
487,Toro,CO,4.6117,-76.0814,77.68,68,68,0.92,broken clouds
488,Urumqi,CN,43.801,87.6005,74.35,23,0,2.82,clear sky
489,Ipojuca,BR,-8.3989,-35.0639,78.71,74,83,10.45,broken clouds
490,Kaseda,JP,31.4167,130.3167,67.06,73,99,4.88,overcast clouds
491,Baykit,RU,61.67,96.37,39.97,84,100,1.36,overcast clouds
492,Ati,TD,13.2154,18.3353,107.4,6,15,8.12,few clouds
493,Campo Maior,BR,-4.8278,-42.1686,92.17,38,1,4.09,clear sky
494,Bogorodskoye,RU,56.55,37.8833,51.58,56,97,8.93,overcast clouds
495,Veraval,IN,20.9,70.3667,83.39,80,99,14.25,overcast clouds
496,Kondinskoye,RU,59.6481,67.41,65.61,68,88,9.69,overcast clouds
497,Mukhen,RU,48.1,136.1,48.76,69,100,4.61,overcast clouds
498,Pahrump,US,36.2083,-115.9839,88.05,15,0,1.01,clear sky
499,Salalah,OM,17.0151,54.0924,84.29,84,75,9.22,broken clouds
500,Vrangel,RU,42.7297,133.0839,47.7,95,100,13.94,overcast clouds
501,Sassandra,CI,4.95,-6.0833,84.27,69,26,8.46,light rain
502,Sarangani,PH,5.4033,125.4636,80.01,80,100,10.85,heavy intensity rain
503,Marystown,CA,47.1666,-55.1483,47.37,71,61,3.89,broken clouds
504,Vila Franca Do Campo,PT,37.7167,-25.4333,68.41,65,42,8.16,scattered clouds
505,Antalaha,MG,-14.9003,50.2788,73.58,90,7,8.08,light rain
506,Rio Tercero,AR,-32.173,-64.1141,61.48,28,28,11.34,scattered clouds
507,Kendal,GB,54.3268,-2.7476,71.73,63,4,7.14,clear sky
508,College,US,64.8569,-147.8028,53.55,62,75,4.61,broken clouds
509,Podosinovets,RU,60.2776,47.0659,46.2,46,71,9.53,broken clouds
510,Lesozavodsk,RU,45.4794,133.4244,54.36,86,99,5.84,overcast clouds
511,Kholodnyy,RU,62.7167,147.95,41.7,77,100,4.97,overcast clouds
512,Boa Vista,BR,2.8197,-60.6733,78.78,89,75,3.44,broken clouds
513,Inirida,CO,3.8653,-67.9239,73.89,95,100,2.57,overcast clouds
514,Mahebourg,MU,-20.4081,57.7,75.49,83,20,6.91,few clouds
515,Abu Dhabi,AE,24.4667,54.3667,95.02,52,0,9.24,clear sky
516,Kjollefjord,NO,70.9457,27.3465,42.85,81,75,23.96,broken clouds
517,Senador Jose Porfirio,BR,-2.5908,-51.9542,88.66,53,37,2.57,scattered clouds
518,Gravdal,NO,68.1214,13.5031,46.29,87,75,5.75,broken clouds
519,Aksarka,RU,66.5606,67.7975,41.94,54,76,17.07,broken clouds
520,Roblin,CA,51.23,-101.3565,47.91,68,63,13.06,broken clouds
521,Kananga,CD,-5.8958,22.4178,80.69,40,61,3.09,broken clouds
522,Zary,PL,51.6421,15.1373,64.96,57,49,1.99,scattered clouds
523,Shelburne,CA,44.0787,-80.2041,62.85,46,0,8.16,clear sky
524,Diamantino,BR,-14.4086,-56.4461,89.58,33,81,3.11,broken clouds
525,Kyabe,TD,9.4515,18.9449,102.31,21,55,1.79,broken clouds
526,Nome,US,64.5011,-165.4064,46.47,36,1,23.02,clear sky
527,Barreirinhas,BR,-2.7469,-42.8264,88.18,58,7,7.61,clear sky
528,Chesma,RU,53.8111,60.6533,65.41,77,97,3.31,overcast clouds
529,Kushima,JP,31.4583,131.2333,63.91,75,100,4.32,overcast clouds
530,Gazanjyk,TM,39.2446,55.5154,99.57,13,0,10.18,clear sky
531,Itaqui,BR,-29.1253,-56.5531,58.62,45,38,8.7,scattered clouds
532,Acapulco,MX,16.8634,-99.8901,87.62,58,40,5.48,scattered clouds
533,Great Falls,US,47.5002,-111.3008,61.68,42,1,3.0,clear sky
534,Gualaca,PA,8.5333,-82.3,88.72,62,52,3.71,broken clouds
535,Les Escoumins,CA,48.1111,-69.0236,52.36,47,2,3.53,clear sky
536,Yumen,CN,40.2833,97.2,69.8,19,100,10.18,overcast clouds
537,Southbridge,US,42.0751,-72.0334,49.35,98,100,13.24,moderate rain
538,Miracema Do Tocantins,BR,-9.5618,-48.3967,92.59,28,8,5.82,clear sky
539,Qui Nhon,VN,13.7667,109.2333,82.98,82,9,4.21,clear sky
540,Islamkot,PK,24.6997,70.177,85.28,72,99,20.62,overcast clouds
541,Calabozo,VE,8.9242,-67.4293,93.45,38,24,9.15,few clouds
542,Corn Island,NI,12.1694,-83.0418,81.79,74,39,14.79,scattered clouds
543,La Tuque,CA,47.4334,-72.7824,64.65,24,0,5.75,clear sky
544,Ostrovnoy,RU,68.0531,39.5131,42.48,84,100,13.91,overcast clouds
545,Margate,GB,51.3813,1.3862,62.19,62,5,4.0,clear sky
546,Golspie,GB,57.9727,-3.978,70.56,74,13,3.58,few clouds
547,San Patricio,US,28.017,-97.5169,85.91,59,12,13.42,few clouds
548,Worksop,GB,53.3018,-1.124,68.94,60,3,9.51,clear sky
549,Cahuacan,MX,19.6392,-99.4161,69.85,40,1,4.41,clear sky
550,La Ferte-Bernard,FR,48.1863,0.6536,73.85,58,20,10.89,few clouds
551,San Jose,US,37.3394,-121.895,69.1,66,20,3.44,few clouds
552,Morehead,US,37.2711,-87.1764,63.3,45,1,8.05,clear sky
553,Waipawa,NZ,-41.4122,175.5153,50.04,93,100,3.53,overcast clouds
554,Bouza,NE,14.4229,6.0428,106.74,10,6,9.13,clear sky
555,Kenitra,MA,34.261,-6.5802,70.56,57,100,5.06,overcast clouds
556,Kaohsiung,TW,22.6163,120.3133,80.55,94,75,1.99,broken clouds
557,Mishan,CN,45.55,131.8833,54.91,85,100,2.89,overcast clouds
558,Koutsouras,GR,35.0339,25.9469,72.73,64,37,4.94,scattered clouds
559,Bismarck,US,46.8083,-100.7837,69.64,42,1,10.36,clear sky
560,Kawalu,ID,-7.3817,108.2082,73.4,98,82,1.23,broken clouds
561,Itoman,JP,26.1247,127.6694,75.97,94,75,10.36,light rain
562,Havelock,US,34.8791,-76.9013,66.18,93,100,1.99,overcast clouds
563,Rizhao,CN,35.4275,119.4553,63.84,95,21,7.47,light rain
564,Morrope,PE,-6.5417,-80.0111,69.91,65,97,11.77,overcast clouds
565,Carlos Chagas,BR,-17.7031,-40.7664,90.75,33,7,6.46,clear sky
566,Tabou,CI,4.423,-7.3528,82.27,79,84,8.01,light rain
567,Aneho,TG,6.2333,1.6,86.2,70,77,13.73,broken clouds
568,Washington,US,47.5001,-120.5015,62.56,44,100,2.35,overcast clouds
569,Virginia Beach,US,36.8529,-75.978,59.05,92,90,10.36,overcast clouds
570,Formiga,BR,-20.4644,-45.4264,81.46,43,100,5.44,overcast clouds
571,Amboasary,MG,-25.0333,46.3833,75.04,80,30,5.5,scattered clouds
572,Bellevue,US,47.6104,-122.2007,66.22,67,1,1.99,clear sky
573,Cherbourg,FR,49.6386,-1.6147,65.28,56,0,13.31,clear sky
574,Berbera,SO,10.4396,45.0143,95.92,38,11,4.68,few clouds
575,Vanimo,PG,-2.6741,141.3028,78.39,89,100,6.08,light rain
576,Matane,CA,48.8286,-67.522,60.22,54,0,6.96,clear sky
577,Sao Filipe,CV,14.8961,-24.4956,73.26,79,94,9.8,overcast clouds
578,Karlskoga,SE,59.3267,14.5239,78.73,37,7,5.03,clear sky
579,Manakara,MG,-22.1333,48.0167,73.99,84,4,9.15,clear sky
580,Katherine,AU,-14.4667,132.2667,64.72,68,65,7.27,broken clouds
581,Arman,RU,59.7,150.1667,37.0,97,100,3.62,light rain
582,Bridlington,GB,54.0831,-0.1919,62.01,80,12,7.92,few clouds
583,Gazli,UZ,40.1333,63.45,97.81,9,0,9.37,clear sky
584,Toktogul,KG,41.8708,72.9402,62.53,82,99,5.46,overcast clouds
585,Anito,PH,12.4497,125.2886,78.4,91,77,2.68,broken clouds
586,Sola,VU,-13.8833,167.55,75.52,89,100,11.92,moderate rain
587,Nioro,GM,13.35,-15.75,97.79,25,72,10.49,broken clouds
588,Kochevo,RU,59.5994,54.3125,45.07,76,55,3.27,broken clouds
589,Lubumbashi,CD,-11.6609,27.4794,64.24,45,3,3.38,clear sky
590,Samarai,PG,-10.6167,150.6667,79.09,77,100,16.08,overcast clouds
591,Zadar,HR,44.1197,15.2422,72.64,30,20,10.36,few clouds
592,Tiznit,MA,29.5833,-9.5,86.7,25,100,16.62,overcast clouds
593,Leningradskiy,RU,69.3833,178.4167,31.37,81,54,3.98,broken clouds
594,Jitra,MY,6.2681,100.4217,80.49,94,20,2.3,few clouds
595,Irshava,UA,48.3167,23.0385,60.66,77,97,5.86,overcast clouds
596,Fairbanks,US,64.8378,-147.7164,53.56,63,75,4.61,broken clouds
597,Adrar,MR,20.5022,-10.0711,107.46,11,67,8.68,broken clouds
598,Inhambane,MZ,-23.865,35.3833,71.58,83,0,4.61,clear sky
599,Sinyavskoye,RU,47.277,39.2789,70.75,82,79,10.18,broken clouds
600,Kifri,IQ,34.6959,44.9661,95.23,12,51,11.43,broken clouds
601,Rockhampton,AU,-23.3833,150.5,58.89,77,0,8.05,clear sky
602,Pevek,RU,69.7008,170.3133,37.2,70,0,6.44,clear sky
603,Malanje,AO,-9.5402,16.341,74.21,43,63,3.15,broken clouds
604,Nantucket,US,41.2835,-70.0995,51.08,94,90,18.41,moderate rain
605,San Juan,AR,-31.5375,-68.5364,68.72,35,0,6.8,clear sky
606,Anadyr,RU,64.75,177.4833,36.1,80,0,4.0,clear sky
607,Chagoda,RU,59.164,35.3285,52.43,37,85,7.83,overcast clouds
608,Nanakuli,US,21.3906,-158.1547,73.35,83,75,3.18,broken clouds
609,Lincoln,US,40.8,-96.667,62.53,76,90,1.01,overcast clouds
610,Saint Anthony,US,45.0205,-93.218,57.11,77,90,1.01,overcast clouds
611,Christchurch,NZ,-43.5333,172.6333,53.01,97,75,3.0,broken clouds
612,Alexandria,EG,31.2156,29.9553,91.94,100,0,9.22,clear sky
613,Shahr-E Kord,IR,32.3256,50.8644,71.37,14,0,11.5,clear sky
614,Altamira,BR,-3.2033,-52.2064,89.69,62,40,6.91,scattered clouds
615,Talbahat,IN,25.05,78.4333,94.05,30,50,6.26,scattered clouds
616,Barra Do Garcas,BR,-15.89,-52.2567,91.31,33,98,2.53,overcast clouds
617,Arica,CL,-18.475,-70.3042,71.15,64,75,5.53,broken clouds
618,Yate,GB,51.5407,-2.4184,68.31,49,98,1.99,overcast clouds
619,Wawa,NG,9.9022,4.4192,98.11,33,76,6.06,broken clouds
620,Aden,YE,12.7794,45.0367,89.2,60,13,4.23,few clouds
621,Kendari,ID,-3.945,122.4989,75.61,92,99,1.92,overcast clouds
622,Sao Joao Do Paraiso,BR,-15.3136,-42.0144,87.03,26,42,9.48,scattered clouds
623,Yacuiba,BO,-22.038,-63.6797,63.57,42,98,4.63,overcast clouds
624,Rosetown,CA,51.5501,-108.0014,62.91,38,0,3.44,clear sky
625,Penzance,GB,50.1186,-5.5371,69.01,77,8,15.9,clear sky
626,Ambulu,ID,-8.345,113.6058,76.08,89,91,0.94,overcast clouds
627,Igrim,RU,63.1906,64.4162,44.15,67,93,1.63,overcast clouds
628,Nalut,LY,30.3333,10.85,100.36,9,25,14.0,scattered clouds
629,Quang Ngai,VN,15.1167,108.8,80.49,83,69,3.44,broken clouds
630,Rengo,CL,-34.4167,-70.8667,50.32,44,19,4.14,few clouds
631,Sapouy,BF,11.5544,-1.7736,98.51,26,60,3.09,broken clouds
632,Mount Gambier,AU,-37.8333,140.7667,40.91,87,19,6.91,few clouds
633,Tias,ES,28.9611,-13.645,73.08,60,20,19.57,few clouds
634,Ancud,CL,-41.8697,-73.8203,55.42,93,100,15.03,light rain
635,Saint-Ambroise,CA,48.5501,-71.3324,66.74,32,0,6.26,clear sky
636,Beipiao,CN,41.7919,120.7792,57.69,50,4,5.93,clear sky
637,Saint-Augustin,CA,51.226,-58.6502,60.51,31,0,7.9,clear sky
638,Bukama,CD,-9.2,25.85,74.61,32,71,1.43,broken clouds
639,Kenora,CA,49.8167,-94.4337,58.17,77,75,13.8,broken clouds
640,Neya,RU,58.2972,43.8681,52.02,42,36,10.02,scattered clouds
641,Arrecife,ES,28.963,-13.5477,75.18,60,20,19.57,few clouds
642,Hofn,IS,64.2539,-15.2082,48.22,100,90,14.97,moderate rain
643,Leczna,PL,51.3012,22.8814,61.34,94,20,11.63,few clouds
644,Taos,US,36.4072,-105.5731,68.99,41,1,3.0,clear sky
645,Bairiki,KI,1.3292,172.9752,82.4,83,75,14.2,broken clouds
646,Marawi,PH,7.9986,124.2928,67.64,93,100,1.77,heavy intensity rain
647,Karangampel,ID,-6.4622,108.4519,79.75,83,80,5.68,broken clouds
648,Gaomi,CN,36.3833,119.7528,65.98,83,2,5.35,light rain
649,Fraserburgh,GB,57.6874,-2.0184,67.42,68,5,18.99,clear sky
650,Primorsk,UA,46.7348,36.3443,71.83,57,48,9.55,scattered clouds
651,Taunggyi,MM,20.7833,97.0333,67.44,87,96,3.18,overcast clouds
652,Taguatinga,BR,-12.3857,-46.5711,93.4,25,26,8.86,scattered clouds
653,Shache,CN,38.4167,77.2406,79.93,26,100,19.62,overcast clouds
654,Kachug,RU,53.9606,105.8817,34.32,69,80,4.99,broken clouds
655,Savalou,BJ,7.9281,1.9756,95.95,38,66,7.67,broken clouds
656,Alofi,NU,-19.0595,-169.9187,75.09,94,39,3.44,moderate rain
657,Uvalde,US,29.3669,-99.767,80.4,59,75,16.04,broken clouds
658,Ouadda,CF,8.0777,22.4007,86.49,41,59,3.8,broken clouds
659,Manta,EC,-0.95,-80.7333,78.58,78,75,6.91,broken clouds
660,Riyadh,SA,24.6877,46.7219,104.14,9,0,6.91,clear sky
661,Doha,QA,25.2867,51.5333,100.71,60,0,12.66,clear sky
662,Ulaangom,MN,49.9811,92.0667,53.15,32,57,4.43,broken clouds
663,Karimpur,IN,23.9667,88.6167,85.75,72,67,6.26,moderate rain
664,Venezuela,VE,8.0,-66.0,89.15,50,96,16.64,overcast clouds
665,Rapid Valley,US,44.0625,-103.1463,67.77,39,1,3.44,clear sky
666,Paita,PE,-5.0892,-81.1144,73.96,73,63,9.53,broken clouds
667,Luwuk,ID,-0.9516,122.7875,77.07,89,54,3.29,broken clouds
668,Ayan,RU,56.45,138.1667,36.63,97,100,5.82,overcast clouds
669,Churapcha,RU,62.0025,132.4325,50.11,93,100,5.99,overcast clouds
670,Fengzhen,CN,40.4394,113.1536,64.72,40,53,11.23,broken clouds
671,Morgan City,US,29.6994,-91.2068,77.0,68,1,7.45,clear sky
672,Dingzhou,CN,38.5131,114.9956,68.11,45,0,5.26,light rain
673,Rudnyy,KZ,52.9594,63.1206,68.81,63,76,3.33,light rain
674,Monte Azul,BR,-15.155,-42.8747,91.02,20,25,7.83,scattered clouds
675,Nueve De Julio,AR,-35.4444,-60.8831,57.7,43,5,10.27,clear sky
676,Houston,US,29.7633,-95.3633,81.32,74,90,5.01,overcast clouds
677,Panama City,PA,8.9936,-79.5197,89.17,71,20,5.75,few clouds
678,Cururupu,BR,-1.8283,-44.8683,88.18,56,21,8.34,few clouds
679,Astoria,US,46.1879,-123.8313,62.71,91,75,0.0,broken clouds
680,Whitehorse,CA,60.7161,-135.0538,49.1,73,95,13.0,overcast clouds
681,Manggar,ID,-2.8833,108.2667,81.01,81,12,4.63,few clouds
682,Douentza,ML,14.9951,-2.9517,108.84,8,2,15.66,clear sky
683,Ixtapa,MX,20.7,-105.2,81.63,65,1,0.0,clear sky
684,Mae Sot,TH,16.7167,98.5667,75.52,97,26,1.28,scattered clouds
685,Bandar,ID,2.05,99.75,73.9,97,97,3.13,overcast clouds
686,Burns Lake,CA,54.2331,-125.7533,44.02,77,100,2.35,light rain
687,Wanaka,NZ,-44.7,169.15,46.42,96,100,5.84,light rain
688,Altay,CN,47.8667,88.1167,62.67,20,5,8.55,clear sky
689,Pacific Grove,US,36.6177,-121.9166,61.57,86,90,1.01,overcast clouds
690,Gat,IL,31.61,34.7642,85.41,40,40,9.33,scattered clouds
691,Maibong,IN,25.3,93.1667,74.75,87,46,2.13,scattered clouds
692,Kibaya,TZ,-5.3,36.5667,64.63,60,89,9.04,overcast clouds
693,Pankrushikha,RU,53.8319,80.3406,62.11,58,16,6.15,few clouds
694,Henties Bay,NA,-22.116,14.2845,56.86,82,72,10.67,broken clouds
695,Ust-Kuyga,RU,70.0167,135.6,50.14,72,86,12.66,overcast clouds
696,Bulawayo,ZW,-20.15,28.5833,65.16,24,1,6.42,clear sky
697,Surt,LY,31.2089,16.5887,74.5,60,6,12.01,clear sky
698,Lively,CA,46.4334,-81.1498,66.02,23,0,3.87,clear sky
699,Deputatskiy,RU,69.3,139.9,45.81,63,99,4.79,overcast clouds
700,Mlyniv,UA,50.509,25.6168,52.93,95,100,11.61,overcast clouds
701,Sajokaza,HU,48.2833,20.5833,58.21,90,93,1.32,overcast clouds
702,Karakol,KG,42.4907,78.3936,59.23,53,91,1.74,overcast clouds
703,Yarada,IN,17.65,83.2667,88.12,84,40,3.15,scattered clouds
704,Eshowe,ZA,-28.8865,31.4699,54.77,79,17,6.17,few clouds
705,Ketchikan,US,55.3422,-131.6461,49.98,93,90,5.75,light rain
706,Murray Bridge,AU,-35.1167,139.2667,53.56,46,82,7.87,broken clouds
707,Broken Hill,AU,-31.95,141.4333,46.11,36,1,8.55,clear sky
708,Santos Dumont,BR,-21.4567,-43.5525,85.6,43,79,1.63,broken clouds
709,Pinheiro Machado,BR,-31.5783,-53.3811,52.77,64,13,7.63,few clouds
710,Yerbogachen,RU,61.2767,108.0108,46.83,60,94,12.59,overcast clouds
711,Gushikawa,JP,26.3544,127.8686,75.2,92,90,19.06,light rain
712,Emerald,AU,-23.5333,148.1667,53.74,54,0,6.91,clear sky
713,Sosnovo-Ozerskoye,RU,52.5249,111.5418,32.5,58,68,5.66,broken clouds
714,Kloulklubed,PW,7.0419,134.2556,81.1,76,100,26.08,overcast clouds
715,Terrace,CA,54.5163,-128.6035,51.42,93,90,0.0,light rain
